handle,type,layer,color,linetype,lineweight,x1,y1,x2,y2,r,text,height,rotation,block_name,scale_x,scale_y,dim_text,dimstyle
29391,INSERT,0,,,,-189537.1049,137644.0124,,,,,,,M12,,,,
29392,INSERT,0,,,,-189809.1413,137644.0124,,,,,,,M12,-1.0,1,,
29393,INSERT,0,,,,-189809.1413,131593.5343,,,,,,,M12,,,,
29394,INSERT,0,,,,-189537.1049,131593.5343,,,,,,,M12,-1.0,1,,
293A1,LWPOLYLINE,0,,,,,,,,,,,,,,,,
293A2,HATCH,0,,,,,,,,,,,,,,,,
411B5,TEXT,0,,,,-158473.026,128361.5,,,,DCC框架典型立面示意图-A轴和Y轴,150.0,,,,,,
411BF,LWPOLYLINE,0,,,,,,,,,,,,,,,,
41B60,LWPOLYLINE,0,,,,,,,,,,,,,,,,
41B61,LINE,0,,,,-158615.497,128169.0,-156369.426,128169.0,,,,,,,,,
424C4,TEXT,0,,,,-166327.8576,115994.5,,,,DCC框架典型立面示意图-S轴和G轴,150.0,,,,,,
424CE,LWPOLYLINE,0,,,,,,,,,,,,,,,,
42A54,LWPOLYLINE,0,,,,,,,,,,,,,,,,
42A55,LINE,0,,,,-166474.3202,115802.0,-164149.7619,115802.0,,,,,,,,,
42C92,TEXT,0,,,,-143672.4134,115994.5,,,,DCC框架典型立面示意图-S轴和G轴,150.0,,,,,,
42D22,LWPOLYLINE,0,,,,,,,,,,,,,,,,
42D23,LINE,0,,,,-143820.5149,115802.0,-141489.8338,115802.0,,,,,,,,,
47A82,LWPOLYLINE,0,,,,,,,,,,,,,,,,
47D65,TEXT,0,,,,-167645.3448,103627.5,,,,DCC L型框架典型示意图-R轴和H轴,150.0,,,,,,
47D66,LWPOLYLINE,0,,,,,,,,,,,,,,,,
47D67,LINE,0,,,,-167774.7339,103435.0,-165451.0642,103435.0,,,,,,,,,
47D6B,CIRCLE,0,,,,-159245.7696,104313.5,,,303.5,,,,,,,,
47D6F,LWPOLYLINE,0,,,,,,,,,,,,,,,,
48792,TEXT,0,,,,-147212.2696,103627.5,,,,DCC L型框架典型示意图-R轴和H轴,150.0,,,,,,
48793,LWPOLYLINE,0,,,,,,,,,,,,,,,,
48794,LINE,0,,,,-147684.2696,103435.0,-144949.9502,103435.0,,,,,,,,,
48798,LWPOLYLINE,0,,,,,,,,,,,,,,,,
51FC4,INSERT,0,,,,-187553.416,106859.5343,,,,,,,M12,-1.0,1,,
51FC5,INSERT,0,,,,-187825.4523,106859.5343,,,,,,,M12,,,,
51FC7,INSERT,0,,,,-187825.4523,112910.0124,,,,,,,M12,-1.0,1,,
51FC8,INSERT,0,,,,-187553.416,112910.0124,,,,,,,M12,,,,
51FD1,LWPOLYLINE,0,,,,,,,,,,,,,,,,
51FD2,HATCH,0,,,,,,,,,,,,,,,,
51FD5,INSERT,0,,,,-185053.0404,106859.5343,,,,,,,M12,-1.0,1,,
51FD6,INSERT,0,,,,-185325.0768,106859.5343,,,,,,,M12,,,,
51FE1,LWPOLYLINE,0,,,,,,,,,,,,,,,,
51FE2,HATCH,0,,,,,,,,,,,,,,,,
52052,LWPOLYLINE,0,,,,,,,,,,,,,,,,
520E1,INSERT,0,,,,-193810.5006,106859.5343,,,,,,,M12,,,,
520E2,INSERT,0,,,,-193538.4643,106859.5343,,,,,,,M12,-1.0,1,,
520E4,INSERT,0,,,,-193538.4643,112910.0124,,,,,,,M12,,,,
520E5,INSERT,0,,,,-193810.5006,112910.0124,,,,,,,M12,-1.0,1,,
520EE,LWPOLYLINE,0,,,,,,,,,,,,,,,,
520EF,HATCH,0,,,,,,,,,,,,,,,,
520F0,INSERT,0,,,,-196310.8762,106859.5343,,,,,,,M12,,,,
520F1,INSERT,0,,,,-196038.8398,106859.5343,,,,,,,M12,-1.0,1,,
520F7,LWPOLYLINE,0,,,,,,,,,,,,,,,,
520F8,HATCH,0,,,,,,,,,,,,,,,,
5214E,TEXT,0,,,,-190897.4721,104927.841,,,,DCC及支架剖面布置图,150.0,,,,,,
5214F,LWPOLYLINE,0,,,,,,,,,,,,,,,,
52150,LINE,0,,,,-191041.486,104735.341,-189495.2336,104735.341,,,,,,,,,
54AF1,LWPOLYLINE,0,,,,,,,,,,,,,,,,
54B12,INSERT,0,,,,-182679.1069,137644.0124,,,,,,,M12,,,,
54B13,INSERT,0,,,,-182951.1433,137644.0124,,,,,,,M12,-1.0,1,,
54B14,INSERT,0,,,,-182951.1433,131593.5343,,,,,,,M12,,,,
54B15,INSERT,0,,,,-182679.1069,131593.5343,,,,,,,M12,-1.0,1,,
54B1E,LWPOLYLINE,0,,,,,,,,,,,,,,,,
54B1F,HATCH,0,,,,,,,,,,,,,,,,
5504C,HATCH,0,,,,,,,,,,,,,,,,
5504D,CIRCLE,0,,,,-192002.4248,125033.7008,,,23.5,,,,,,,,
5504E,HATCH,0,,,,,,,,,,,,,,,,
5504F,CIRCLE,0,,,,-191652.4248,125033.7008,,,23.5,,,,,,,,
55050,HATCH,0,,,,,,,,,,,,,,,,
55051,CIRCLE,0,,,,-192002.4248,124283.7008,,,23.5,,,,,,,,
55052,HATCH,0,,,,,,,,,,,,,,,,
55053,CIRCLE,0,,,,-191652.4248,124283.7008,,,23.5,,,,,,,,
55058,DIMENSION,0,,,,,,,,,,,,,,,,DIM-40-100
5505B,DIMENSION,0,,,,,,,,,,,,,,,,DIM-40-100
5505E,DIMENSION,0,,,,,,,,,,,,,,,,DIM-40-100
55061,DIMENSION,0,,,,,,,,,,,,,,,,DIM-40-100
55062,DIMENSION,0,,,,,,,,,,,,,,,,DIM-40-100
55065,DIMENSION,0,,,,,,,,,,,,,,,,DIM-40-100
55068,DIMENSION,0,,,,,,,,,,,,,,,,DIM-40-100
5506B,DIMENSION,0,,,,,,,,,,,,,,,,DIM-40-100
5506E,LINE,0,,,,-191577.4248,124545.2008,-190959.4248,123940.7008,,,,,,,,,
5506F,LINE,0,,,,-190959.4248,123940.7008,-190447.4248,123940.7008,,,,,,,,,
55070,TEXT,0,,,,-190718.6881,123982.6277,,,,6,125.0,,,,,,
55071,LINE,0,,,,-190614.4248,124085.1008,-190614.4248,123940.7008,,,,,,,,,
55072,LINE,0,,,,-190614.4248,124085.1008,-190480.8248,123940.7008,,,,,,,,,
55073,LINE,0,,,,-191652.4248,125033.7008,-191417.9248,125454.7008,,,,,,,,,
55074,LINE,0,,,,-191417.9248,125454.7008,-190870.4248,125454.7008,,,,,,,,,
55075,TEXT,0,,,,-191340.9248,125497.7008,,,,M12化学锚栓 ,125.0,,,,,,
55076,TEXT,0,,,,-191365.4248,125313.2008,,,,孔 d=21.0,125.0,,,,,,
55077,LWPOLYLINE,0,,,,,,,,,,,,,,,,
55078,LWPOLYLINE,0,,,,,,,,,,,,,,,,
55079,LINE,0,,,,-192077.4248,125108.7008,-192367.4248,125455.2008,,,,,,,,,
5507A,LINE,0,,,,-192367.4248,125455.2008,-193086.9248,125455.2008,,,,,,,,,
5507B,TEXT,0,,,,-193052.4248,125490.2008,,,,-60x12,125.0,,,,,,
5507C,TEXT,0,,,,-193050.9248,125306.2008,,,,孔 d=17.5,125.0,,,,,,
5507D,LINE,0,,,,-192127.4248,124158.7008,-192352.4248,123717.7008,,,,,,,,,
5507E,LINE,0,,,,-192352.4248,123717.7008,-193087.4248,123717.7008,,,,,,,,,
5507F,TEXT,0,,,,-193052.4248,123776.2008,,,,-240x12,125.0,,,,,,
55080,TEXT,0,,,,-192885.9248,123545.2008,,,,400,125.0,,,,,,
55081,TEXT,0,,,,-190769.9248,122747.7008,,,,方钢柱脚详图,150.0,,,,,,
55082,LINE,0,,,,-191577.4248,124408.7008,-191055.9248,123715.7008,,,,,,,,,
55083,LINE,0,,,,-191055.9248,123715.7008,-190261.9248,123715.7008,,,,,,,,,
55084,TEXT,0,,,,-191031.9248,123752.7008,,,,方钢柱-200x6,125.0,,,,,,
55088,LWPOLYLINE,0,,,,,,,,,,,,,,,,
55089,HATCH,0,,,,,,,,,,,,,,,,
5508A,LINE,0,,,,-189567.4248,124346.8931,-187627.4248,124346.8931,,,,,,,,,
5508B,LINE,0,,,,-189089.3404,125672.2055,-188672.4248,125672.2055,,,,,,,,,
5508C,LINE,0,,,,-188608.756,125672.2055,-188191.8404,125672.2055,,,,,,,,,
5508E,LINE,0,,,,-188672.4248,125672.2055,-188672.4248,125729.7008,,,,,,,,,
5508F,LINE,0,,,,-188672.4248,125729.7008,-188640.5904,125672.2055,,,,,,,,,
55090,LINE,0,,,,-188608.756,125672.2055,-188608.756,125614.7101,,,,,,,,,
55091,LINE,0,,,,-188608.756,125614.7101,-188640.5904,125672.2055,,,,,,,,,
5509A,DIMENSION,0,,,,,,,,,,,,,,,,DIM-40-100
5509D,DIMENSION,0,,,,,,,,,,,,,,,,DIM-40-100
550A0,DIMENSION,0,,,,,,,,,,,,,,,,DIM-40-100
550A3,DIMENSION,0,,,,,,,,,,,,,,,,DIM-40-100
550A6,DIMENSION,0,,,,,,,,,,,,,,,,DIM-40-100
550A7,DIMENSION,0,,,,,,,,,,,,,,,,DIM-40-100
550AA,DIMENSION,0,,,,,,,,,,,,,,,,DIM-40-100
550AD,DIMENSION,0,,,,,,,,,,,,,,,,DIM-40-100
550B0,TEXT,0,,,,-188036.9248,123878.7008,,,,M12化学锚栓 ,125.0,,,,,,
550B1,LINE,0,,,,-188860.9248,123846.7008,-187445.9248,123846.7008,,,,,,,,,
550B2,DIMENSION,0,,,,,,,,,,,,,,,<80,DIM-40-100
550B5,LINE,0,,,,-188265.5904,124049.7008,-188110.9248,123846.7008,,,,,,,,,
550B6,LINE,0,,,,-189015.5904,124049.7008,-188860.9248,123846.7008,,,,,,,,,
550B7,LINE,0,,,,-188390.5904,125402.7008,-187388.4248,125402.7008,,,,,,,,,
550B8,TEXT,0,,,,-188158.4248,125439.7008,,,,方钢柱-200x6,125.0,,,,,,
550B9,LWPOLYLINE,0,,,,,,,,,,,,,,,,
550BA,LINE,0,,,,-191054.9248,122579.7008,-189799.508,122579.7008,,,,,,,,,
550BB,TEXT,0,,,,-190289.0276,117798.1922,,,,支座详图,150.0,,,,,,
550BC,LWPOLYLINE,0,,,,,,,,,,,,,,,,
550BD,LINE,0,,,,-190377.5276,117607.1922,-189707.1076,117607.1922,,,,,,,,,
550C3,INSERT,0,,,,-185298.5276,119715.7155,,,,,,,Angle iron,5.0,5.0,,
550C5,DIMENSION,0,,,,,,,,,,,,,,,70,DIM-20-100
550C8,DIMENSION,0,,,,,,,,,,,,,,,,DIM-20-100
550CB,DIMENSION,0,,,,,,,,,,,,,,,,DIM-20-100
550CE,DIMENSION,0,,,,,,,,,,,,,,,70,DIM-20-100
550CF,DIMENSION,0,,,,,,,,,,,,,,,,DIM-20-100
550D0,DIMENSION,0,,,,,,,,,,,,,,,,DIM-20-100
550D1,DIMENSION,0,,,,,,,,,,,,,,,70,DIM-20-100
550D2,DIMENSION,0,,,,,,,,,,,,,,,,DIM-20-100
550D5,DIMENSION,0,,,,,,,,,,,,,,,,DIM-20-100
550D8,DIMENSION,0,,,,,,,,,,,,,,,,DIM-20-100
550DA,TEXT,0,,,,-186506.0276,118579.1922,,,,L型连接件详图 ,150.0,,,,,,
550DB,LWPOLYLINE,0,,,,,,,,,,,,,,,,
550DC,LINE,0,,,,-186601.0276,118385.1922,-185605.0909,118385.1922,,,,,,,,,
550DD,LINE,0,,,,-185268.5276,119594.6922,-184681.5276,119323.6922,,,,,,,,,
550DE,LINE,0,,,,-184681.5276,119323.6922,-183823.0276,119323.6922,,,,,,,,,
550DF,LINE,0,,,,-185298.5276,119940.7155,-184681.5276,119323.6922,,,,,,,,,
550E0,TEXT,0,,,,-184640.0276,119366.6922,,,,M10(余同),125.0,,,,,,
550E4,TEXT,0,,,,-189607.9248,124083.6922,,,,灌浆找平层 ,125.0,,,,,,
550E5,LINE,0,,,,-189651.5276,124051.6922,-189221.9248,124051.6922,,,,,,,,,
550E6,LINE,0,,,,-189221.9248,124051.6922,-189076.5276,124377.1922,,,,,,,,,
550EE,LINE,0,,,,-191329.5276,120796.9422,-191329.5276,120421.9422,,,,,,,,,
550F1,DIMENSION,0,,,,,,,,,,,,,,,,DIM-40-100
550F4,DIMENSION,0,,,,,,,,,,,,,,,,DIM-40-100
550F7,DIMENSION,0,,,,,,,,,,,,,,,,DIM-40-100
550FA,DIMENSION,0,,,,,,,,,,,,,,,,DIM-40-100
550FF,HATCH,0,,,,,,,,,,,,,,,,
55100,CIRCLE,0,,,,-192034.5276,118661.3582,,,28.7875,,,,,,,,
5510B,DIMENSION,0,,,,,,,,,,,,,,,,DIM-40-100
5510E,DIMENSION,0,,,,,,,,,,,,,,,,DIM-40-100
55111,DIMENSION,0,,,,,,,,,,,,,,,,DIM-40-100
55114,LINE,0,,,,-192474.3466,120596.9422,-192645.7946,121085.1755,,,,,,,,,
55115,LINE,0,,,,-192645.7946,121085.1755,-193301.2946,121085.1755,,,,,,,,,
55116,TEXT,0,,,,-193193.7946,121122.1755,,,,M16化学锚栓 ,125.0,,,,,,
55117,TEXT,0,,,,-193193.7946,120917.6755,,,,共2根,125.0,,,,,,
55118,DIMENSION,0,,,,,,,,,,,,,,,,DIM-40-100
5511B,DIMENSION,0,,,,,,,,,,,,,,,,DIM-40-100
5512F,LINE,0,,,,-191326.0276,118913.6922,-191326.0276,118644.0266,,,,,,,,,
55130,LINE,0,,,,-191326.0276,118580.3577,-191326.0276,118282.6922,,,,,,,,,
55131,LINE,0,,,,-191326.0276,118644.0266,-191268.5323,118644.0266,,,,,,,,,
55132,LINE,0,,,,-191268.5323,118644.0266,-191326.0276,118612.1922,,,,,,,,,
55133,LINE,0,,,,-191326.0276,118580.3577,-191383.523,118580.3577,,,,,,,,,
55134,LINE,0,,,,-191383.523,118580.3577,-191326.0276,118612.1922,,,,,,,,,
55135,DIMENSION,0,,,,,,,,,,,,,,,,DIM-40-100
55138,DIMENSION,0,,,,,,,,,,,,,,,,DIM-40-100
5513B,LINE,0,,,,-192741.0276,121388.6922,-191627.5276,121388.6922,,,,,,,,,
5513C,TEXT,0,,,,-192747.5276,121410.6922,,,,C200X75X20X2.5,125.0,,,,,,
5513D,LINE,0,,,,-191627.5276,121388.6922,-191451.5276,120698.1922,,,,,,,,,
5513E,INSERT,0,,,,-189532.1932,120604.8582,,,,,,,C200X75,,,,
5513F,DIMENSION,0,,,,,,,,,,,,,,,,DIM-40-100
55142,DIMENSION,0,,,,,,,,,,,,,,,,DIM-40-100
55147,DIMENSION,0,,,,,,,,,,,,,,,,DIM-40-100
5514A,DIMENSION,0,,,,,,,,,,,,,,,,DIM-40-100
5514D,DIMENSION,0,,,,,,,,,,,,,,,,DIM-40-100
55150,DIMENSION,0,,,,,,,,,,,,,,,,DIM-40-100
55153,DIMENSION,0,,,,,,,,,,,,,,,,DIM-40-100
55156,DIMENSION,0,,,,,,,,,,,,,,,,DIM-40-100
55159,DIMENSION,0,,,,,,,,,,,,,,,,DIM-40-100
5515C,DIMENSION,0,,,,,,,,,,,,,,,,DIM-40-100
5515F,DIMENSION,0,,,,,,,,,,,,,,,,DIM-40-100
55162,DIMENSION,0,,,,,,,,,,,,,,,,DIM-40-100
55165,DIMENSION,0,,,,,,,,,,,,,,,,DIM-40-100
55166,DIMENSION,0,,,,,,,,,,,,,,,,DIM-40-100
55169,DIMENSION,0,,,,,,,,,,,,,,,,DIM-40-100
5516C,DIMENSION,0,,,,,,,,,,,,,,,,DIM-40-100
5516F,LINE,0,,,,-190115.5276,119942.6922,-189808.0276,119942.6922,,,,,,,,,
55170,LINE,0,,,,-189808.0276,119942.6922,-189557.1932,120301.6922,,,,,,,,,
55171,LWPOLYLINE,0,,,,,,,,,,,,,,,,
55172,TEXT,0,,,,-189893.681,119984.6191,,,,5,125.0,,,,,,
55173,LINE,0,,,,-189961.7776,120063.6922,-189961.7776,119942.6922,,,,,,,,,
55174,LINE,0,,,,-189961.7776,120063.6922,-190095.3776,119942.6922,,,,,,,,,
55175,LINE,0,,,,-189542.1932,120339.8582,-188897.0276,119801.1922,,,,,,,,,
55176,LINE,0,,,,-188897.0276,119801.1922,-188451.5276,119801.1922,,,,,,,,,
55177,LINE,0,,,,-189391.0276,120339.8582,-188897.0276,119801.1922,,,,,,,,,
55178,LINE,0,,,,-189961.7776,119821.6922,-189961.7776,119942.6922,,,,,,,,,
55179,LINE,0,,,,-189961.7776,119821.6922,-190095.3776,119942.6922,,,,,,,,,
5517A,TEXT,0,,,,-188563.831,119843.1191,,,,5,125.0,,,,,,
5517B,LINE,0,,,,-188631.9276,119922.1922,-188631.9276,119801.1922,,,,,,,,,
5517C,LINE,0,,,,-188631.9276,119922.1922,-188765.5276,119801.1922,,,,,,,,,
5517D,LINE,0,,,,-188631.9276,119680.1922,-188631.9276,119801.1922,,,,,,,,,
5517E,LINE,0,,,,-188631.9276,119680.1922,-188765.5276,119801.1922,,,,,,,,,
5517F,LWPOLYLINE,0,,,,,,,,,,,,,,,,
55180,LWPOLYLINE,0,,,,,,,,,,,,,,,,
55181,DIMENSION,0,,,,,,,,,,,,,,,,DIM-40-100
55185,HATCH,0,,,,,,,,,,,,,,,,
55186,CIRCLE,0,,,,-192034.5276,118411.3582,,,28.7875,,,,,,,,
55189,LINE,0,,,,-190208.385,121186.6922,-189811.385,121186.6922,,,,,,,,,
5518A,TEXT,0,,,,-190141.885,121224.1922,,,,M10,125.0,,,,,,
5518B,LINE,0,,,,-189811.385,121186.6922,-189581.1452,120729.8582,,,,,,,,,
5518C,DIMENSION,0,,,,,,,,,,,,,,,,DIM-40-100
5518F,DIMENSION,0,,,,,,,,,,,,,,,,DIM-40-100
55192,LINE,0,,,,-191834.5276,119118.1922,-191437.5276,119118.1922,,,,,,,,,
55193,TEXT,0,,,,-191768.0276,119155.6922,,,,M10,125.0,,,,,,
55194,LINE,0,,,,-192034.5276,118661.3582,-191834.5276,119118.1922,,,,,,,,,
55195,LINE,0,,,,-191834.5276,119118.1922,-192034.5276,118411.3582,,,,,,,,,
55196,LINE,0,,,,-192434.7399,119205.6444,-193090.2399,119205.6444,,,,,,,,,
55197,TEXT,0,,,,-192982.7399,119242.6444,,,,M16化学锚栓 ,125.0,,,,,,
55198,LINE,0,,,,-192434.7399,119205.6444,-192434.7399,118078.6922,,,,,,,,,
55199,TEXT,0,,,,-184642.0278,119137.859,,,,M6x2(与方钢连接处),125.0,,,,,,
554FA,TEXT,0,,,,-186659.579,130186.7243,,,,DCC及支架剖面布置图,150.0,,,,,,
554FB,LWPOLYLINE,0,,,,,,,,,,,,,,,,
554FC,LINE,0,,,,-186669.1823,130029.5164,-185413.7655,130029.5164,,,,,,,,,
57A3D,LWPOLYLINE,0,,,,,,,,,,,,,,,,
57A41,LWPOLYLINE,0,,,,,,,,,,,,,,,,
57A45,LWPOLYLINE,0,,,,,,,,,,,,,,,,
57B1D,LWPOLYLINE,0,,,,,,,,,,,,,,,,
57B21,LWPOLYLINE,0,,,,,,,,,,,,,,,,
58251,HATCH,0,252,,,,,,,,,,,,,,,
58253,HATCH,0,252,,,,,,,,,,,,,,,
585F8,TEXT,0,,,,-167645.3448,91260.5,,,,DCC L型框架典型示意图-R轴和H轴,150.0,,,,,,
585F9,LWPOLYLINE,0,,,,,,,,,,,,,,,,
585FA,LINE,0,,,,-167774.7339,91068.0,-165451.0642,91068.0,,,,,,,,,
585FD,CIRCLE,0,,,,-159245.7696,91946.5,,,303.5,,,,,,,,
585FE,LWPOLYLINE,0,,,,,,,,,,,,,,,,
5864A,TEXT,0,,,,-147212.2696,91260.5,,,,DCC L型框架典型示意图-R轴和H轴,150.0,,,,,,
5864B,LWPOLYLINE,0,,,,,,,,,,,,,,,,
5864C,LINE,0,,,,-147684.2696,91068.0,-144949.9502,91068.0,,,,,,,,,
5864F,LWPOLYLINE,0,,,,,,,,,,,,,,,,
58C22,HATCH,0,252,,,,,,,,,,,,,,,
58C24,HATCH,0,252,,,,,,,,,,,,,,,
58C26,HATCH,0,252,,,,,,,,,,,,,,,
5905C,HATCH,0,252,,,,,,,,,,,,,,,
5905E,HATCH,0,252,,,,,,,,,,,,,,,
59060,HATCH,0,252,,,,,,,,,,,,,,,
59062,HATCH,0,252,,,,,,,,,,,,,,,
59064,HATCH,0,252,,,,,,,,,,,,,,,
59066,HATCH,0,252,,,,,,,,,,,,,,,
59068,HATCH,0,252,,,,,,,,,,,,,,,
5906A,HATCH,0,252,,,,,,,,,,,,,,,
5906C,HATCH,0,252,,,,,,,,,,,,,,,
5906E,HATCH,0,252,,,,,,,,,,,,,,,
59070,HATCH,0,252,,,,,,,,,,,,,,,
59072,HATCH,0,252,,,,,,,,,,,,,,,
