类别,构件名称,规格,数量,单位,图层,备注
DCC支架,DCC-Rack-150,,19,个,K-CEIL-DCC-RACK,
DCC支架,DCC-Rack-150,2000*2300(右) DCC-B,9,个,K-CEIL-DCC-RACK,
DCC支架,DCC-Rack-150,2000*2300(左),1,个,K-CEIL-DCC-RACK,
DCC支架,DCC-Rack-150,2000*2300(左) DCC-B,5,个,K-CEIL-DCC-RACK,
DCC支架,DCC-Rack-150,2000x1800(右) DCC-A*2,2,个,K-CEIL-DCC-RACK,
DCC支架,DCC-Rack-150,2000x1800(左) DCC-A*2,1,个,K-CEIL-DCC-RACK,
DCC支架,DCC-Rack-150,2000x2300(右) DCC-B,6,个,K-CEIL-DCC-RACK,
DCC支架,DCC-Rack-150,2000x2300(左) DCC-B,2,个,K-CEIL-DCC-RACK,
DCC支架,DCC-Rack-150,2000x2600(右) DCC-J*2,4,个,K-CEIL-DCC-RACK,
DCC支架,DCC-Rack-150,2850x1800(右),1,个,K-CEIL-DCC-RACK,
DCC支架,DCC-Rack-150,2850x1800(右) DCC-B*2,1,个,K-CEIL-DCC-RACK,
DCC支架,DCC-Rack-150,2850x1800(右) DCC-C,9,个,K-CEIL-DCC-RACK,
DCC支架,DCC-Rack-150,2850x1800(右) DCC-C*2,22,个,K-CEIL-DCC-RACK,
DCC支架,DCC-Rack-150,2850x1800(右) DCC-E,1,个,K-CEIL-DCC-RACK,
DCC支架,DCC-Rack-150,2850x1800(右) DCC-E*2,7,个,K-CEIL-DCC-RACK,
DCC支架,DCC-Rack-150,2850x1800(左),1,个,K-CEIL-DCC-RACK,
DCC支架,DCC-Rack-150,2850x1800(左) DCC-C,3,个,K-CEIL-DCC-RACK,
DCC支架,DCC-Rack-150,2850x1800(左) DCC-C*2,3,个,K-CEIL-DCC-RACK,
DCC支架,DCC-Rack-150,2850x1800(左) DCC-D*2,1,个,K-CEIL-DCC-RACK,
DCC支架,DCC-Rack-150,2850x2300(右),23,个,K-CEIL-DCC-RACK,
DCC支架,DCC-Rack-150,2850x2300(右) DCC-B,2,个,K-CEIL-DCC-RACK,
DCC支架,DCC-Rack-150,2850x2300(右) DCC-C,1,个,K-CEIL-DCC-RACK,
DCC支架,DCC-Rack-150,2850x2300(右) DCC-C*2,2,个,K-CEIL-DCC-RACK,
DCC支架,DCC-Rack-150,2850x2300(右) DCC-D,25,个,K-CEIL-DCC-RACK,
DCC支架,DCC-Rack-150,2850x2300(右) DCC-D*2,15,个,K-CEIL-DCC-RACK,
DCC支架,DCC-Rack-150,2850x2300(右) DCC-E*2,1,个,K-CEIL-DCC-RACK,
DCC支架,DCC-Rack-150,2850x2300(左),17,个,K-CEIL-DCC-RACK,
DCC支架,DCC-Rack-150,2850x2300(左) DCC-C*2,8,个,K-CEIL-DCC-RACK,
DCC支架,DCC-Rack-150,2850x2300(左) DCC-D,1,个,K-CEIL-DCC-RACK,
DCC支架,DCC-Rack-150,2850x2300(左) DCC-D*2,1,个,K-CEIL-DCC-RACK,
DCC支架,DCC-Rack-150,2850x2600(右),1,个,K-CEIL-DCC-RACK,
DCC支架,DCC-Rack-150,2850x2600(右) DCC-C*2,4,个,K-CEIL-DCC-RACK,
DCC支架,DCC-Rack-150,2850x2600(右) DCC-E,9,个,K-CEIL-DCC-RACK,
DCC支架,DCC-Rack-150,2850x2600(右) DCC-E*2,26,个,K-CEIL-DCC-RACK,
DCC支架,DCC-Rack-150,2850x2600(左) DCC-D*2,1,个,K-CEIL-DCC-RACK,
DCC支架,DCC-Rack-150,2850x2600(左) DCC-E*2,3,个,K-CEIL-DCC-RACK,
DCC支架,DCC-Rack-150,DCC-D*2,1,个,K-CEIL-DCC-RACK,
DCC支架,DCC-Rack-200,,9,个,0-A-C200X100X35X3.0,
DCC支架,DCC-Rack-200x200,200x200,220,个,K-CEIL-DCC-RACK,
DCC支架,DCC-Rack-200,2000*2300(右) DCC-B,2,个,K-CEIL-DCC-RACK,
DCC支架,DCC-Rack-200,2000*2300(左) DCC-B,1,个,K-CEIL-DCC-RACK,
DCC支架,DCC-Rack-200,2000x2300(右) DCC-B,1,个,K-CEIL-DCC-RACK,
DCC支架,DCC-Rack-200,2850x1800(右),1,个,K-CEIL-DCC-RACK,
DCC支架,DCC-Rack-200,2850x1800(右) DCC-B,1,个,K-CEIL-DCC-RACK,
DCC支架,DCC-Rack-200,2850x1800(右) DCC-C,3,个,K-CEIL-DCC-RACK,
DCC支架,DCC-Rack-200,2850x1800(右) DCC-C*2,9,个,K-CEIL-DCC-RACK,
DCC支架,DCC-Rack-200,2850x1800(左) DCC-C,1,个,K-CEIL-DCC-RACK,
DCC支架,DCC-Rack-200,2850x1800(左) DCC-C*2,4,个,K-CEIL-DCC-RACK,
DCC支架,DCC-Rack-200,2850x2300(右),1,个,K-CEIL-DCC-RACK,
DCC支架,DCC-Rack-200,2850x2300(右) DCC-D,8,个,K-CEIL-DCC-RACK,
DCC支架,DCC-Rack-200,2850x2300(右) DCC-D*2,17,个,K-CEIL-DCC-RACK,
DCC支架,DCC-Rack-200,2850x2300(左) DCC-D*2,2,个,K-CEIL-DCC-RACK,
DCC支架,DCC-Rack-200,2850x2600(右) DCC-E,6,个,K-CEIL-DCC-RACK,
DCC支架,DCC-Rack-200,2850x2600(右) DCC-E*2,5,个,K-CEIL-DCC-RACK,
DCC支架,DCC-Rack-200,3500x2300(右) DCC-F,7,个,K-CEIL-DCC-RACK,
DCC支架,DCC-Rack-200,3500x2300(右) DCC-F*2,2,个,K-CEIL-DCC-RACK,
DCC支架,DCC-Rack-200,3500x2300(左) DCC-F,36,个,K-CEIL-DCC-RACK,
DCC支架,DCC-Rack-200,3500x2300(左) DCC-F*2,3,个,K-CEIL-DCC-RACK,
DCC支架,DCC-Rack-200,DCC-F,1,个,K-CEIL-DCC-RACK,
DCC支架,DCC-Rack-200,DCC-F*2,1,个,K-CEIL-DCC-RACK,
DCC支架,DCC-Rack-200,MD 1200x2200,14,个,K-CEIL-DCC-RACK,
DCC支架,DCC-Rack-200,MD 1200x2200 DCC-F,9,个,K-CEIL-DCC-RACK,
DCC支架,DCC-Rack-200,MD 1200x2200 DCC-F*2,7,个,K-CEIL-DCC-RACK,
DCC支架,DCC-Rack-200,3500x2300(右) DCC-F*2,1,个,X-HLP3-CR-F3-LAY-KEQP-02-002_20260401 DCC更新_SPM$0$K-CEIL-DCC-RACK,
DCC设备,DCC-2018-H,2850x1800(左) DCC-C*2,1,个,0-DCC,
DCC设备,DCC-2023,2000x2300,2,个,0-DCC,
DCC设备,DCC-2023,2000x2300 3500x2300(左) DCC-F,1,个,0-DCC,
DCC设备,DCC-2026,2000x2600 3500x2300(左) DCC-F,3,个,0-DCC,
DCC设备,DCC-20x18,,1,个,0-DCC,
DCC设备,DCC-20x18,MD 1200x2200 DCC-F,1,个,0-DCC,
DCC设备,DCC-28.5x26,,17,个,0-DCC,
DCC设备,DCC-2923-H,2850x1800(右) DCC-C*2,4,个,0-DCC,
DCC设备,DCC-2923-H,2850x1800(左) DCC-C*2,3,个,0-DCC,
DCC设备,DCC-2923-H,2850x2300(右) DCC-C*2,14,个,0-DCC,
DCC设备,DCC-2923-H,2850x2300(右) DCC-D*2,1,个,0-DCC,
DCC设备,DCC-2923-H,2850x2300(左) DCC-C*2,11,个,0-DCC,
DCC设备,DCC-2923-H,2850x2300(左) DCC-D*2,1,个,0-DCC,
DCC设备,DCC-2923-H,2850x2300(左) DCC-E,4,个,0-DCC,
DCC设备,DCC-2923-H,2850x2300(左) DCC-E*2,3,个,0-DCC,
DCC设备,DCC-2923-H,2850x2600(右) DCC-E,1,个,0-DCC,
DCC设备,DCC-2923-H,DCC-C*2,2,个,0-DCC,
DCC设备,DCC-3523,3500x2300(右) DCC-F,15,个,0-DCC,
DCC设备,DCC-3523,3500x2300(右) DCC-F*2,4,个,0-DCC,
DCC设备,DCC-3523,3500x2300(左) DCC-F,80,个,0-DCC,
DCC设备,DCC-3523,3500x2300(左) DCC-F*2,8,个,0-DCC,
DCC设备,DCC-3523,3500x2300 MD 1200x2200 DCC-F,1,个,0-DCC,
DCC设备,DCC-3523,3500x2300 MD 1200x2200 DCC-F*2,2,个,0-DCC,
DCC设备,DCC2850x1800(右),2850x1800,18,个,0-DCC,
DCC设备,DCC2850x2300(右),2850x2300,1,个,0-DCC,
DCC设备,DCC2850x2300(右)水平,2850x2300,10,个,0-DCC,
DCC设备,DCC2850x2300(左),2850x2300,5,个,0-DCC,
DCC设备,DCC2850x2600(左),2850x2600,6,个,0-DCC,
DCC设备,DCC3523左接管,,4,个,0-DCC,
DCC设备,DCC3523左接管,DCC 2850x2300(右),1,个,0-DCC,
DCC设备,DCC3523左接管,DCC 2850x2300(左),2,个,0-DCC,
DCC隔断/门,DCC-SEC-2300,2300x0,8,个,0-DCC,
DCC隔断/门,DIV-DOOR-1000Wx2200H,,4,个,K-CEIL-DIV-DOOR_Phase 2,
DCC隔断/门,DIV-DOOR-1200Wx2200H,,2,个,K-CEIL-DIV-DOOR_Phase 2,
其他,200x75,,5,个,Cloud-20250416,
其他,X-Wallfe-3F,,1,个,K-BZ-01,
型钢,A$C2DBF4B5B,,239,个,ANGEL STEEL_75x75x3.0,
型钢,Angle iron,,1,个,0,
型钢,C200X75,,1,个,0,
柱,H-方柱-200x8-X11,,2,个,K-CEIL-DCC-RACK,
柱,H-方柱-200x8-X13,,2,个,K-CEIL-DCC-RACK,
柱,H-方柱-200x8-X3,,4,个,K-CEIL-DCC-RACK,
柱,H-方柱-200x8-X4,,1,个,K-CEIL-DCC-RACK,
柱,H-方柱-200x8-X5,,1,个,K-CEIL-DCC-RACK,
柱,H-方柱-200x8-X6,,1,个,K-CEIL-DCC-RACK,
柱,H-方柱-200x8-X8,,2,个,K-CEIL-DCC-RACK,
柱,柱底找平,,18,个,0-DCC-STRUC-T,
检修门,MD1-1222,1200x2200,14,个,K-PART-DOOR,
检修门,MD2-1022,1000x2200,31,个,K-PART-DOOR,
检修门,MD1-1222,1200x2200 3500x2300(左) DCC-F,1,个,X-HLP3-CR-F3-LAY-KEQP-02-002_20260401 DCC更新_SPM$0$K-PART-DOOR,
检修门,MD1-1222,1200x2200 3500x2300(左) DCC-F*2,1,个,X-HLP3-CR-F3-LAY-KEQP-02-002_20260401 DCC更新_SPM$0$K-PART-DOOR,
类型标记,TYPE 2,,25,个,0-BG,
紧固件/螺栓,A$C147C6879,6800x7900,354,个,BOLTS,
紧固件/螺栓,A$C4EA80240,200x4000,354,个,BOLTS,
紧固件/螺栓,H10_40,,236,个,ANCHOR BOLTS,
紧固件/螺栓,M12,,56,个,0,
紧固件/螺栓,A$C147C6879,6800x7900,83,个,X-HL-SM-F1-SEC-00-01$0$BOLTS,
紧固件/螺栓,A$C4EA80240,200x4000,88,个,X-HL-SM-F1-SEC-00-01$0$BOLTS,
紧固件/螺栓,化学锚栓连接板,,6,个,K-CEIL-DCC-RACK,
